Query,Sample,Noisy Similarity,Clean Similarity,Difference,Matched Text (Noisy),Matched Text (Clean)
How noise impacts retrieval models,Sample 1,0.5091618579151572,0.6389362244087061,0.1297743664935489,"<p>Welcome to our site!!! Visit <a href=""http://example.com"">this link</a> for more information. Data quality? It's crucial: removing noise like tags, symbols, and irrelevant links improves text accuracy. Our latest research at <b>Example University</b> shows how noise impacts retrieval models. 100% proven methods!</p>","Welcome to our site. Data quality is crucial: removing noise like tags, symbols, and irrelevant links improves text accuracy. Our latest research at Example University shows how noise impacts retrieval models with proven methods."
How noise impacts retrieval models,Sample 2,0.07813532366633022,0.21981108930787863,0.1416757656415484,Contact us at john.doe@example.com or call 123-456-7890 for support. Data preprocessing includes removing personally identifiable information (PII) to ensure privacy. This is essential in sectors like healthcare and finance. Studies show that removing PII enhances text processing models' efficiency. Did you know? 50% of data breaches are caused by exposed PII!,Data preprocessing includes removing personally identifiable information (PII) to ensure privacy. This is essential in sectors like healthcare and finance. Studies show that removing PII enhances text processing models' efficiency.
How noise impacts retrieval models,Sample 3,0.16767845786153923,0.1803654395844269,0.01268698172288768,"Text CLEANING!!! is CRITICAL for IMPROVING machine learning MODEL accuracy!!! In NLP tasks, handling excessive punctuation, mixed casing, and symbols like @, #, & is key. Proper data preparation can significantly affect model outcomes... Let's dive deep into HOW TO achieve the BEST RESULTS.","Text cleaning is critical for improving machine learning model accuracy. In NLP tasks, handling punctuation, mixed casing, and symbols is key. Proper data preparation can significantly affect model outcomes."
How noise impacts retrieval models,Sample 4,0.28716060999893456,0.2763390517559911,-0.010821558242943452,"Machine learning is transforming industries. Machine learning is transforming industries. In the age of AI, removing repetitive content is crucial for efficient processing. Repetition can distort results and lead to poor model performance. Machine learning is transforming industries. Removing duplicated data is essential for accuracy.","Machine learning is transforming industries. In the age of AI, removing repetitive content is crucial for efficient processing. Repetition can distort results and lead to poor model performance. Removing duplicated data is essential for accuracy."
How noise impacts retrieval models,Sample 5,0.13723860002124882,0.11035525341094389,-0.026883346610304934,"It's essential to preprocess text data. Inconsistent encoding and mixed language inputs, such as ""Este es un ejemplo de datos mezclados,"" can cause issues. Preprocessing helps standardize data, ensuring models perform optimally. Text processing also includes fixing broken unicode characters like â€“ and handling language-specific nuances.","It's essential to preprocess text data. Inconsistent encoding and mixed language inputs can cause issues. Preprocessing helps standardize data, ensuring models perform optimally. Text processing also includes fixing broken unicode characters and handling language-specific nuances."
Removing PII to enhance text processing,Sample 1,0.23501131290942007,0.25602226880804474,0.021010955898624672,"<p>Welcome to our site!!! Visit <a href=""http://example.com"">this link</a> for more information. Data quality? It's crucial: removing noise like tags, symbols, and irrelevant links improves text accuracy. Our latest research at <b>Example University</b> shows how noise impacts retrieval models. 100% proven methods!</p>","Welcome to our site. Data quality is crucial: removing noise like tags, symbols, and irrelevant links improves text accuracy. Our latest research at Example University shows how noise impacts retrieval models with proven methods."
Removing PII to enhance text processing,Sample 2,0.5623496585645835,0.6497789711168482,0.08742931255226472,Contact us at john.doe@example.com or call 123-456-7890 for support. Data preprocessing includes removing personally identifiable information (PII) to ensure privacy. This is essential in sectors like healthcare and finance. Studies show that removing PII enhances text processing models' efficiency. Did you know? 50% of data breaches are caused by exposed PII!,Data preprocessing includes removing personally identifiable information (PII) to ensure privacy. This is essential in sectors like healthcare and finance. Studies show that removing PII enhances text processing models' efficiency.
Removing PII to enhance text processing,Sample 3,0.38804027649627065,0.3810669468988728,-0.006973329597397826,"Text CLEANING!!! is CRITICAL for IMPROVING machine learning MODEL accuracy!!! In NLP tasks, handling excessive punctuation, mixed casing, and symbols like @, #, & is key. Proper data preparation can significantly affect model outcomes... Let's dive deep into HOW TO achieve the BEST RESULTS.","Text cleaning is critical for improving machine learning model accuracy. In NLP tasks, handling punctuation, mixed casing, and symbols is key. Proper data preparation can significantly affect model outcomes."
Removing PII to enhance text processing,Sample 4,0.28030648644528655,0.33213719708519474,0.051830710639908184,"Machine learning is transforming industries. Machine learning is transforming industries. In the age of AI, removing repetitive content is crucial for efficient processing. Repetition can distort results and lead to poor model performance. Machine learning is transforming industries. Removing duplicated data is essential for accuracy.","Machine learning is transforming industries. In the age of AI, removing repetitive content is crucial for efficient processing. Repetition can distort results and lead to poor model performance. Removing duplicated data is essential for accuracy."
Removing PII to enhance text processing,Sample 5,0.36718132336974685,0.3980964952916061,0.030915171921859275,"It's essential to preprocess text data. Inconsistent encoding and mixed language inputs, such as ""Este es un ejemplo de datos mezclados,"" can cause issues. Preprocessing helps standardize data, ensuring models perform optimally. Text processing also includes fixing broken unicode characters like â€“ and handling language-specific nuances.","It's essential to preprocess text data. Inconsistent encoding and mixed language inputs can cause issues. Preprocessing helps standardize data, ensuring models perform optimally. Text processing also includes fixing broken unicode characters and handling language-specific nuances."
Improving machine learning model accuracy,Sample 1,0.30907397570942846,0.3631065631511378,0.05403258744170936,"<p>Welcome to our site!!! Visit <a href=""http://example.com"">this link</a> for more information. Data quality? It's crucial: removing noise like tags, symbols, and irrelevant links improves text accuracy. Our latest research at <b>Example University</b> shows how noise impacts retrieval models. 100% proven methods!</p>","Welcome to our site. Data quality is crucial: removing noise like tags, symbols, and irrelevant links improves text accuracy. Our latest research at Example University shows how noise impacts retrieval models with proven methods."
Improving machine learning model accuracy,Sample 2,0.15285181857361918,0.2649560056947103,0.1121041871210911,Contact us at john.doe@example.com or call 123-456-7890 for support. Data preprocessing includes removing personally identifiable information (PII) to ensure privacy. This is essential in sectors like healthcare and finance. Studies show that removing PII enhances text processing models' efficiency. Did you know? 50% of data breaches are caused by exposed PII!,Data preprocessing includes removing personally identifiable information (PII) to ensure privacy. This is essential in sectors like healthcare and finance. Studies show that removing PII enhances text processing models' efficiency.
Improving machine learning model accuracy,Sample 3,0.43762582004816786,0.48735406999615527,0.04972824994798741,"Text CLEANING!!! is CRITICAL for IMPROVING machine learning MODEL accuracy!!! In NLP tasks, handling excessive punctuation, mixed casing, and symbols like @, #, & is key. Proper data preparation can significantly affect model outcomes... Let's dive deep into HOW TO achieve the BEST RESULTS.","Text cleaning is critical for improving machine learning model accuracy. In NLP tasks, handling punctuation, mixed casing, and symbols is key. Proper data preparation can significantly affect model outcomes."
Improving machine learning model accuracy,Sample 4,0.4987341901626297,0.4147164118239609,-0.0840177783386688,"Machine learning is transforming industries. Machine learning is transforming industries. In the age of AI, removing repetitive content is crucial for efficient processing. Repetition can distort results and lead to poor model performance. Machine learning is transforming industries. Removing duplicated data is essential for accuracy.","Machine learning is transforming industries. In the age of AI, removing repetitive content is crucial for efficient processing. Repetition can distort results and lead to poor model performance. Removing duplicated data is essential for accuracy."
Improving machine learning model accuracy,Sample 5,0.23861894504545828,0.2394234212348601,0.000804476189401826,"It's essential to preprocess text data. Inconsistent encoding and mixed language inputs, such as ""Este es un ejemplo de datos mezclados,"" can cause issues. Preprocessing helps standardize data, ensuring models perform optimally. Text processing also includes fixing broken unicode characters like â€“ and handling language-specific nuances.","It's essential to preprocess text data. Inconsistent encoding and mixed language inputs can cause issues. Preprocessing helps standardize data, ensuring models perform optimally. Text processing also includes fixing broken unicode characters and handling language-specific nuances."
Removing repetitive content in machine learning,Sample 1,0.3399603684770888,0.4081913008372053,0.06823093236011646,"<p>Welcome to our site!!! Visit <a href=""http://example.com"">this link</a> for more information. Data quality? It's crucial: removing noise like tags, symbols, and irrelevant links improves text accuracy. Our latest research at <b>Example University</b> shows how noise impacts retrieval models. 100% proven methods!</p>","Welcome to our site. Data quality is crucial: removing noise like tags, symbols, and irrelevant links improves text accuracy. Our latest research at Example University shows how noise impacts retrieval models with proven methods."
Removing repetitive content in machine learning,Sample 2,0.2667946244996608,0.3581876810876381,0.0913930565879773,Contact us at john.doe@example.com or call 123-456-7890 for support. Data preprocessing includes removing personally identifiable information (PII) to ensure privacy. This is essential in sectors like healthcare and finance. Studies show that removing PII enhances text processing models' efficiency. Did you know? 50% of data breaches are caused by exposed PII!,Data preprocessing includes removing personally identifiable information (PII) to ensure privacy. This is essential in sectors like healthcare and finance. Studies show that removing PII enhances text processing models' efficiency.
Removing repetitive content in machine learning,Sample 3,0.4707198230753384,0.49084809739582974,0.020128274320491357,"Text CLEANING!!! is CRITICAL for IMPROVING machine learning MODEL accuracy!!! In NLP tasks, handling excessive punctuation, mixed casing, and symbols like @, #, & is key. Proper data preparation can significantly affect model outcomes... Let's dive deep into HOW TO achieve the BEST RESULTS.","Text cleaning is critical for improving machine learning model accuracy. In NLP tasks, handling punctuation, mixed casing, and symbols is key. Proper data preparation can significantly affect model outcomes."
Removing repetitive content in machine learning,Sample 4,0.7408598620871765,0.8246549860038562,0.08379512391667976,"Machine learning is transforming industries. Machine learning is transforming industries. In the age of AI, removing repetitive content is crucial for efficient processing. Repetition can distort results and lead to poor model performance. Machine learning is transforming industries. Removing duplicated data is essential for accuracy.","Machine learning is transforming industries. In the age of AI, removing repetitive content is crucial for efficient processing. Repetition can distort results and lead to poor model performance. Removing duplicated data is essential for accuracy."
Removing repetitive content in machine learning,Sample 5,0.24710790836566912,0.22447206845425643,-0.022635839911412686,"It's essential to preprocess text data. Inconsistent encoding and mixed language inputs, such as ""Este es un ejemplo de datos mezclados,"" can cause issues. Preprocessing helps standardize data, ensuring models perform optimally. Text processing also includes fixing broken unicode characters like â€“ and handling language-specific nuances.","It's essential to preprocess text data. Inconsistent encoding and mixed language inputs can cause issues. Preprocessing helps standardize data, ensuring models perform optimally. Text processing also includes fixing broken unicode characters and handling language-specific nuances."
Standardizing data for text preprocessing,Sample 1,0.239796926636862,0.2918516956841355,0.05205476904727349,"<p>Welcome to our site!!! Visit <a href=""http://example.com"">this link</a> for more information. Data quality? It's crucial: removing noise like tags, symbols, and irrelevant links improves text accuracy. Our latest research at <b>Example University</b> shows how noise impacts retrieval models. 100% proven methods!</p>","Welcome to our site. Data quality is crucial: removing noise like tags, symbols, and irrelevant links improves text accuracy. Our latest research at Example University shows how noise impacts retrieval models with proven methods."
Standardizing data for text preprocessing,Sample 2,0.43397172840396986,0.5281248501516796,0.09415312174770979,Contact us at john.doe@example.com or call 123-456-7890 for support. Data preprocessing includes removing personally identifiable information (PII) to ensure privacy. This is essential in sectors like healthcare and finance. Studies show that removing PII enhances text processing models' efficiency. Did you know? 50% of data breaches are caused by exposed PII!,Data preprocessing includes removing personally identifiable information (PII) to ensure privacy. This is essential in sectors like healthcare and finance. Studies show that removing PII enhances text processing models' efficiency.
Standardizing data for text preprocessing,Sample 3,0.4864829401904976,0.4836377534471757,-0.0028451867433219036,"Text CLEANING!!! is CRITICAL for IMPROVING machine learning MODEL accuracy!!! In NLP tasks, handling excessive punctuation, mixed casing, and symbols like @, #, & is key. Proper data preparation can significantly affect model outcomes... Let's dive deep into HOW TO achieve the BEST RESULTS.","Text cleaning is critical for improving machine learning model accuracy. In NLP tasks, handling punctuation, mixed casing, and symbols is key. Proper data preparation can significantly affect model outcomes."
Standardizing data for text preprocessing,Sample 4,0.19784232906650687,0.18474284469607777,-0.013099484370429099,"Machine learning is transforming industries. Machine learning is transforming industries. In the age of AI, removing repetitive content is crucial for efficient processing. Repetition can distort results and lead to poor model performance. Machine learning is transforming industries. Removing duplicated data is essential for accuracy.","Machine learning is transforming industries. In the age of AI, removing repetitive content is crucial for efficient processing. Repetition can distort results and lead to poor model performance. Removing duplicated data is essential for accuracy."
Standardizing data for text preprocessing,Sample 5,0.5824758857369903,0.6224740337792913,0.03999814804230106,"It's essential to preprocess text data. Inconsistent encoding and mixed language inputs, such as ""Este es un ejemplo de datos mezclados,"" can cause issues. Preprocessing helps standardize data, ensuring models perform optimally. Text processing also includes fixing broken unicode characters like â€“ and handling language-specific nuances.","It's essential to preprocess text data. Inconsistent encoding and mixed language inputs can cause issues. Preprocessing helps standardize data, ensuring models perform optimally. Text processing also includes fixing broken unicode characters and handling language-specific nuances."
